epoch,training_loss,validation_loss
0,0.531429481,0.52734766
1,0.412027248,0.378437767
2,0.346916263,0.335131471
3,0.315537801,0.315022512
4,0.290710231,0.301023777
5,0.284880198,0.375201373
6,0.287066126,0.316715821
7,0.268457142,0.287959181
8,0.259625444,0.278716179
9,0.251724372,0.254735227
