epoch,training_accuracy,validation_accuracy
0,0.736736128,0.742187502
1,0.809722245,0.818750024
2,0.856333313,0.876875012
3,0.87775,0.875
4,0.889586093,0.898874988
5,0.892152755,0.856949024
6,0.894402779,0.887250119
7,0.901263896,0.901125012
8,0.895611093,0.895750012
9,0.903471971,0.908625024
